{
  "name": "jt.timepicker",
  "version": "1.2.7",
  "description": "A jQuery timepicker plugin inspired by Google Calendar.",
  "homepage": "http://jonthornton.github.com/jquery-timepicker",
  "main": [
    "./jquery.timepicker.js",
    "./jquery.timepicker.min.js",
    "./jquery.timepicker.css"
  ],
  "dependencies": {
    "jquery": ">= 1.7"
  },
  "keywords": [
    "time",
    "picker",
    "google calendar"
  ],
  "author": {
    "name": "Jon Thornton",
    "web": "https://github.com/jonthornton"
  },
  "license": "http://opensource.org/licenses/MIT",
  "_release": "1.2.7",
  "_resolution": {
    "type": "version",
    "tag": "1.2.7",
    "commit": "5f27bcf570a000a52b8b82b6bfeb1342da8ac00a"
  },
  "_source": "git://github.com/jonthornton/jquery-timepicker.git",
  "_target": "*",
  "_originalSource": "git://github.com/jonthornton/jquery-timepicker"
}